2016,08,02,'Vítejte v diskuzní platformě #COM.ON!',dariko,6
2016,08,02,'Vítejte v diskuzní platformě #COM.ON!',kralik,1
2016,08,02,'Vítejte v diskuzní platformě #COM.ON!',Kajka,1
2016,08,02,'Vítejte v diskuzní platformě #COM.ON!',czprava,1
2016,08,02,'Vítejte v diskuzní platformě #COM.ON!',Babbulka,1
2016,08,02,'Vítejte v diskuzní platformě #COM.ON!',tame,1
2016,08,02,'Vítejte v diskuzní platformě #COM.ON!',janaborny,1
2016,08,02,'Vítejte v diskuzní platformě #COM.ON!',Enja,1
2016,08,02,'Vítejte v diskuzní platformě #COM.ON!',Pepeska,1
2016,08,02,'Vítejte v diskuzní platformě #COM.ON!',Martina,1
2016,08,02,'Vítejte v diskuzní platformě #COM.ON!',bzumbzum1,1
2016,08,04,'#1a Snídaně',dariko,3
2016,08,04,'#1a Snídaně',Zlatovlaska,2
2016,08,04,'#1a Snídaně',Kajka,1
2016,08,04,'#1a Snídaně',Lena,1
2016,08,04,'#1a Snídaně',Lukas,1
2016,08,04,'#1a Snídaně',Honza1,1
2016,08,04,'#1a Snídaně',Bibibaja,1
2016,08,04,'#1a Snídaně',czprava,1
2016,08,04,'#1a Snídaně',Bruss,1
2016,08,04,'#1a Snídaně',egyptankalenka,5
2016,08,04,'#1a Snídaně',slepjana,3
2016,08,04,'#1a Snídaně',Martina,1
2016,08,04,'#1a Snídaně',Vrzik,2
2016,08,04,'#1a Snídaně',bzumbzum1,2
2016,08,04,'#1a Snídaně',ulba1,1
2016,08,04,'#1a Snídaně',barbucha,1
2016,08,04,'#1a Snídaně',Market,1
2016,08,04,'#1a Snídaně',Jenicek,1
2016,08,04,'#1a Snídaně',kocik02,1
2016,08,04,'#1a Snídaně',kacik,1
2016,08,04,'#1a Snídaně',Aneta,1
2016,08,04,'#1a Snídaně',Urena,1
2016,08,04,'#1a Snídaně',Klara,1
2016,08,04,'#1a Snídaně',Katerina Mickova,1
2016,08,04,'#1a Snídaně',Kubatice,2
2016,08,04,'#1a Snídaně',Natalie,1
2016,08,04,'#1a Snídaně',Jezek86,1
2016,08,04,'#1a Snídaně',kralik,4
2016,08,04,'#1a Snídaně',Honzik2,2
2016,08,04,'#1a Snídaně',Krysa,2
2016,08,04,'#1a Snídaně',Lubru,1
2016,08,04,'#1a Snídaně',Ilon279,1
2016,08,04,'#1a Snídaně',grifina,1
2016,08,04,'#1a Snídaně',Brebli,1
2016,08,04,'#1a Snídaně',Babbulka,1
2016,08,04,'#1a Snídaně',Fidoo,1
2016,08,04,'#1a Snídaně',Pepeska,1
2016,08,04,'#1a Snídaně',janaborny,1
2016,08,04,'#1a Snídaně',tame,1
2016,08,04,'#1a Snídaně',Kocicka,1
2016,08,04,'#1a Snídaně',Petule,1
2016,08,04,'#1a Snídaně',Alenka,1
2016,08,04,'#1a Snídaně',Jerabinka,1
2016,08,04,'#1a Snídaně',Vlckova,1
2016,08,04,'#1a Snídaně',Prochy,1
2016,08,04,'#1a Snídaně',Lanka,1
2016,08,04,'#1a Snídaně',jirbar,1
2016,08,04,'#1a Snídaně',Sova,1
2016,08,04,'#1a Snídaně',Ivet,1
2016,08,04,'#1a Snídaně',HT,1
2016,08,04,'#1a Snídaně',Placirka,1
2016,08,04,'#1a Snídaně',Enja,1
2016,08,04,'#1a Snídaně',Spiter,1
2016,08,04,'#1a Snídaně',botcho,1
2016,08,04,'#1a Snídaně',evasmel,1
2016,08,04,'#1a Snídaně',Blanka,1
2016,08,04,'#1a Snídaně',Eulik,1
2016,08,04,'#1a Snídaně',Petulka,1
2016,08,04,'#1a Snídaně',Libuska,1
2016,08,04,'#1a Snídaně',Aja,1
2016,08,04,'#1a Snídaně',David,1
2016,08,04,'#1a Snídaně',Jkb,1
2016,08,04,'#1a Snídaně',Hanina,1
2016,08,04,'#1b Dovážkové služby',Kajka,2
2016,08,04,'#1b Dovážkové služby',Honza1,1
2016,08,04,'#1b Dovážkové služby',Vrzik,1
2016,08,04,'#1b Dovážkové služby',egyptankalenka,2
2016,08,04,'#1b Dovážkové služby',Urena,1
2016,08,04,'#1b Dovážkové služby',Aneta,1
2016,08,04,'#1b Dovážkové služby',ulba1,1
2016,08,04,'#1b Dovážkové služby',Klara,2
2016,08,04,'#1b Dovážkové služby',Kubatice,2
2016,08,04,'#1b Dovážkové služby',Jenicek,3
2016,08,04,'#1b Dovážkové služby',Katerina Mickova,2
2016,08,04,'#1b Dovážkové služby',Natalie,1
2016,08,04,'#1b Dovážkové služby',Lukas,3
2016,08,04,'#1b Dovážkové služby',dariko,2
2016,08,04,'#1b Dovážkové služby',Jezek86,1
2016,08,04,'#1b Dovážkové služby',Petulka888,1
2016,08,04,'#1b Dovážkové služby',kralik,4
2016,08,04,'#1b Dovážkové služby',Krysa,2
2016,08,04,'#1b Dovážkové služby',Zlatovlaska,1
2016,08,04,'#1b Dovážkové služby',Ilon279,2
2016,08,04,'#1b Dovážkové služby',Lubru,1
2016,08,04,'#1b Dovážkové služby',grifina,1
2016,08,04,'#1b Dovážkové služby',Brebli,1
2016,08,04,'#1b Dovážkové služby',Babbulka,1
2016,08,04,'#1b Dovážkové služby',Kocicka,1
2016,08,04,'#1b Dovážkové služby',Pepeska,1
2016,08,04,'#1b Dovážkové služby',tame,1
2016,08,04,'#1b Dovážkové služby',Petule,3
2016,08,04,'#1b Dovážkové služby',kocik02,1
2016,08,04,'#1b Dovážkové služby',Martina,1
2016,08,04,'#1b Dovážkové služby',kacik,1
2016,08,04,'#1b Dovážkové služby',ELLA,1
2016,08,04,'#1b Dovážkové služby',Jerabinka,1
2016,08,04,'#1b Dovážkové služby',czprava,1
2016,08,04,'#1b Dovážkové služby',Vlckova,1
2016,08,04,'#1b Dovážkové služby',Prochy,1
2016,08,04,'#1b Dovážkové služby',janaborny,1
2016,08,04,'#1b Dovážkové služby',Lanka,1
2016,08,04,'#1b Dovážkové služby',jirbar,1
2016,08,04,'#1b Dovážkové služby',Ivet,1
2016,08,04,'#1b Dovážkové služby',Aja,1
2016,08,04,'#1b Dovážkové služby',HT,1
2016,08,04,'#1b Dovážkové služby',Enja,1
2016,08,04,'#1b Dovážkové služby',Placirka,1
2016,08,04,'#1b Dovážkové služby',Bibibaja,1
2016,08,04,'#1b Dovážkové služby',Spiter,1
2016,08,04,'#1b Dovážkové služby',botcho,1
2016,08,04,'#1b Dovážkové služby',evasmel,1
2016,08,04,'#1b Dovážkové služby',slepjana,1
2016,08,04,'#1b Dovážkové služby',Eulik,1
2016,08,04,'#1b Dovážkové služby',Blanka,1
2016,08,04,'#1b Dovážkové služby',bzumbzum1,1
2016,08,04,'#1b Dovážkové služby',Libuska,1
2016,08,04,'#1b Dovážkové služby',Petulka,1
2016,08,04,'#1b Dovážkové služby',barbucha,1
2016,08,04,'#1b Dovážkové služby',Honzik2,1
2016,08,04,'#1b Dovážkové služby',David,1
2016,08,04,'#1b Dovážkové služby',Market,1
2016,08,04,'#1b Dovážkové služby',Jkb,1
2016,08,04,'#1b Dovážkové služby',Sova,1
2016,08,04,'#1b Dovážkové služby',Hanina,1
2016,08,05,'#2a Večeře',Kubatice,2
2016,08,05,'#2a Večeře',Bibibaja,1
2016,08,05,'#2a Večeře',Katerina Mickova,2
2016,08,05,'#2a Večeře',Honza1,1
2016,08,05,'#2a Večeře',Kajka,1
2016,08,05,'#2a Večeře',sonia.v,1
2016,08,05,'#2a Večeře',Lukas,1
2016,08,05,'#2a Večeře',dariko,1
2016,08,05,'#2a Večeře',czprava,1
2016,08,05,'#2a Večeře',ulba1,1
2016,08,05,'#2a Večeře',kocik02,1
2016,08,05,'#2a Večeře',Petule,5
2016,08,05,'#2a Večeře',Martina,2
2016,08,05,'#2a Večeře',Eulik,2
2016,08,05,'#2a Večeře',Blanka,2
2016,08,05,'#2a Večeře',Petulka888,1
2016,08,05,'#2a Večeře',Jerabinka,1
2016,08,05,'#2a Večeře',Zlatovlaska,1
2016,08,05,'#2a Večeře',Vlckova,3
2016,08,05,'#2a Večeře',Lanka,1
2016,08,05,'#2a Večeře',Jenicek,1
2016,08,05,'#2a Večeře',Petulka,1
2016,08,05,'#2a Večeře',bzumbzum1,1
2016,08,05,'#2a Večeře',kacik,1
2016,08,05,'#2a Večeře',Vrzik,2
2016,08,05,'#2a Večeře',Jonas,1
2016,08,05,'#2a Večeře',Krysa,1
2016,08,05,'#2a Večeře',Libuska,1
2016,08,05,'#2a Večeře',Ilon279,1
2016,08,05,'#2a Večeře',botcho,1
2016,08,05,'#2a Večeře',Fidoo,1
2016,08,05,'#2a Večeře',barbucha,1
2016,08,05,'#2a Večeře',slepjana,1
2016,08,05,'#2a Večeře',Babbulka,1
2016,08,05,'#2a Večeře',Spiter,1
2016,08,05,'#2a Večeře',HT,1
2016,08,05,'#2a Večeře',Aneta,1
2016,08,05,'#2a Večeře',Klara,1
2016,08,05,'#2a Večeře',janaborny,1
2016,08,05,'#2a Večeře',Lubru,1
2016,08,05,'#2a Večeře',Natalie,1
2016,08,05,'#2a Večeře',jirac,2
2016,08,05,'#2a Večeře',jirbar,1
2016,08,05,'#2a Večeře',Prochy,1
2016,08,05,'#2a Večeře',David,1
2016,08,05,'#2a Večeře',Enja,1
2016,08,05,'#2a Večeře',tame,1
2016,08,05,'#2a Večeře',Brebli,1
2016,08,05,'#2a Večeře',Placirka,1
2016,08,05,'#2a Večeře',kralik,2
2016,08,05,'#2a Večeře',evasmel,1
2016,08,05,'#2a Večeře',Jkb,1
2016,08,05,'#2a Večeře',Jezek86,1
2016,08,05,'#2a Večeře',Sova,1
2016,08,05,'#2a Večeře',egyptankalenka,2
2016,08,05,'#2a Večeře',Pepeska,1
2016,08,05,'#2a Večeře',grifina,5
2016,08,05,'#2a Večeře',Hanina,1
2016,08,05,'#2a Večeře',Ivet,1
2016,08,05,'#2a Večeře',Urena,1
2016,08,05,'#2a Večeře',Aja,1
2016,08,05,'#2b Večerní posezení',Ilon279,1
2016,08,05,'#2b Večerní posezení',botcho,2
2016,08,05,'#2b Večerní posezení',Petulka,1
2016,08,05,'#2b Večerní posezení',Libuska,1
2016,08,05,'#2b Večerní posezení',Petule,1
2016,08,05,'#2b Večerní posezení',Kajka,15
2016,08,05,'#2b Večerní posezení',Kubatice,1
2016,08,05,'#2b Večerní posezení',Honza1,1
2016,08,05,'#2b Večerní posezení',Aja,1
2016,08,05,'#2b Večerní posezení',Jenicek,1
2016,08,05,'#2b Večerní posezení',barbucha,2
2016,08,05,'#2b Večerní posezení',bzumbzum1,2
2016,08,05,'#2b Večerní posezení',Blanka,1
2016,08,05,'#2b Večerní posezení',Babbulka,1
2016,08,05,'#2b Večerní posezení',slepjana,1
2016,08,05,'#2b Večerní posezení',dariko,6
2016,08,05,'#2b Večerní posezení',Honzik2,1
2016,08,05,'#2b Večerní posezení',HT,1
2016,08,05,'#2b Večerní posezení',Spiter,1
2016,08,05,'#2b Večerní posezení',Aneta,1
2016,08,05,'#2b Večerní posezení',ulba1,1
2016,08,05,'#2b Večerní posezení',janaborny,1
2016,08,05,'#2b Večerní posezení',Klara,1
2016,08,05,'#2b Večerní posezení',Zlatovlaska,1
2016,08,05,'#2b Večerní posezení',Krysa,1
2016,08,05,'#2b Večerní posezení',Vlckova,1
2016,08,05,'#2b Večerní posezení',Katerina Mickova,1
2016,08,05,'#2b Večerní posezení',Lubru,1
2016,08,05,'#2b Večerní posezení',Natalie,1
2016,08,05,'#2b Večerní posezení',Lanka,1
2016,08,05,'#2b Večerní posezení',Jerabinka,1
2016,08,05,'#2b Večerní posezení',Vrzik,1
2016,08,05,'#2b Večerní posezení',jirac,1
2016,08,05,'#2b Večerní posezení',Alenka,1
2016,08,05,'#2b Večerní posezení',Enja,1
2016,08,05,'#2b Večerní posezení',kocik02,1
2016,08,05,'#2b Večerní posezení',Fidoo,1
2016,08,05,'#2b Večerní posezení',jirbar,1
2016,08,05,'#2b Večerní posezení',Martina,1
2016,08,05,'#2b Večerní posezení',Kocicka,1
2016,08,05,'#2b Večerní posezení',David,4
2016,08,05,'#2b Večerní posezení',Prochy,1
2016,08,05,'#2b Večerní posezení',Lukas,1
2016,08,05,'#2b Večerní posezení',czprava,1
2016,08,05,'#2b Večerní posezení',kralik,1
2016,08,05,'#2b Večerní posezení',Brebli,1
2016,08,05,'#2b Večerní posezení',kacik,1
2016,08,05,'#2b Večerní posezení',tame,1
2016,08,05,'#2b Večerní posezení',Jonas,1
2016,08,05,'#2b Večerní posezení',evasmel,1
2016,08,05,'#2b Večerní posezení',Placirka,1
2016,08,05,'#2b Večerní posezení',Jkb,1
2016,08,05,'#2b Večerní posezení',Jezek86,1
2016,08,05,'#2b Večerní posezení',egyptankalenka,1
2016,08,05,'#2b Večerní posezení',Sova,1
2016,08,05,'#2b Večerní posezení',grifina,1
2016,08,05,'#2b Večerní posezení',Pepeska,1
2016,08,05,'#2b Večerní posezení',Hanina,1
2016,08,05,'#2b Večerní posezení',Ivet,1
2016,08,05,'#2b Večerní posezení',Bibibaja,1
2016,08,05,'#2b Večerní posezení',Eulik,1
2016,08,05,'#2b Večerní posezení',Urena,1
2016,08,06,'#3a Víkendový relax',Kajka,4
2016,08,06,'#3a Víkendový relax',Honza1,1
2016,08,06,'#3a Víkendový relax',dariko,3
2016,08,06,'#3a Víkendový relax',jirac,1
2016,08,06,'#3a Víkendový relax',Pepeska,2
2016,08,06,'#3a Víkendový relax',czprava,1
2016,08,06,'#3a Víkendový relax',Martina,1
2016,08,06,'#3a Víkendový relax',Petulka888,1
2016,08,06,'#3a Víkendový relax',Vrzik,2
2016,08,06,'#3a Víkendový relax',Blanka,1
2016,08,06,'#3a Víkendový relax',Eulik,1
2016,08,06,'#3a Víkendový relax',Bibibaja,1
2016,08,06,'#3a Víkendový relax',Kocicka,1
2016,08,06,'#3a Víkendový relax',Jonas,1
2016,08,06,'#3a Víkendový relax',Urena,1
2016,08,06,'#3a Víkendový relax',grifina,2
2016,08,06,'#3a Víkendový relax',kacik,1
2016,08,06,'#3a Víkendový relax',Jenicek,1
2016,08,06,'#3a Víkendový relax',Fidoo,1
2016,08,06,'#3a Víkendový relax',Krysa,1
2016,08,06,'#3a Víkendový relax',kralik,1
2016,08,06,'#3a Víkendový relax',Zlatovlaska,1
2016,08,06,'#3a Víkendový relax',Kubatice,3
2016,08,06,'#3a Víkendový relax',Katerina Mickova,1
2016,08,06,'#3a Víkendový relax',Lukas,1
2016,08,06,'#3a Víkendový relax',Brebli,1
2016,08,06,'#3a Víkendový relax',bzumbzum1,1
2016,08,06,'#3a Víkendový relax',Vlckova,1
2016,08,06,'#3a Víkendový relax',evasmel,1
2016,08,06,'#3a Víkendový relax',Jerabinka,1
2016,08,06,'#3a Víkendový relax',Lanka,1
2016,08,06,'#3a Víkendový relax',Aneta,1
2016,08,06,'#3a Víkendový relax',Spiter,1
2016,08,06,'#3a Víkendový relax',Klara,1
2016,08,06,'#3a Víkendový relax',Lubru,1
2016,08,06,'#3a Víkendový relax',Natalie,1
2016,08,06,'#3a Víkendový relax',ulba1,1
2016,08,06,'#3a Víkendový relax',kocik02,1
2016,08,06,'#3a Víkendový relax',Petule,1
2016,08,06,'#3a Víkendový relax',Aja,1
2016,08,06,'#3a Víkendový relax',botcho,1
2016,08,06,'#3a Víkendový relax',Babbulka,1
2016,08,06,'#3a Víkendový relax',tame,1
2016,08,06,'#3a Víkendový relax',HT,1
2016,08,06,'#3a Víkendový relax',egyptankalenka,1
2016,08,06,'#3a Víkendový relax',janaborny,1
2016,08,06,'#3a Víkendový relax',Ilon279,1
2016,08,06,'#3a Víkendový relax',Honzik2,1
2016,08,06,'#3a Víkendový relax',David,6
2016,08,06,'#3a Víkendový relax',Placirka,1
2016,08,06,'#3a Víkendový relax',Jezek86,1
2016,08,06,'#3a Víkendový relax',Hanina,1
2016,08,06,'#3a Víkendový relax',Ivet,1
2016,08,06,'#3a Víkendový relax',Libuska,1
2016,08,06,'#3a Víkendový relax',slepjana,1
2016,08,06,'#3a Víkendový relax',Alenka,1
2016,08,06,'#3a Víkendový relax',jirbar,1
2016,08,06,'#3a Víkendový relax',Prochy,1
2016,08,06,'#3a Víkendový relax',Enja,1
2016,08,06,'#3a Víkendový relax',Petulka,1
2016,08,06,'#3a Víkendový relax',Sova,1
2016,08,06,'#3a Víkendový relax',barbucha,1
2016,08,06,'#3b Grilování',Jenicek,1
2016,08,06,'#3b Grilování',Petulka,1
2016,08,06,'#3b Grilování',Krysa,1
2016,08,06,'#3b Grilování',Kajka,1
2016,08,06,'#3b Grilování',Kubatice,2
2016,08,06,'#3b Grilování',Martina,1
2016,08,06,'#3b Grilování',Lukas,1
2016,08,06,'#3b Grilování',Brebli,1
2016,08,06,'#3b Grilování',bzumbzum1,1
2016,08,06,'#3b Grilování',Vlckova,1
2016,08,06,'#3b Grilování',evasmel,1
2016,08,06,'#3b Grilování',Jerabinka,1
2016,08,06,'#3b Grilování',Lanka,1
2016,08,06,'#3b Grilování',Aneta,1
2016,08,06,'#3b Grilování',Spiter,1
2016,08,06,'#3b Grilování',Klara,1
2016,08,06,'#3b Grilování',Pepeska,1
2016,08,06,'#3b Grilování',Lubru,1
2016,08,06,'#3b Grilování',Jonas,1
2016,08,06,'#3b Grilování',Natalie,1
2016,08,06,'#3b Grilování',ulba1,1
2016,08,06,'#3b Grilování',Fidoo,1
2016,08,06,'#3b Grilování',czprava,1
2016,08,06,'#3b Grilování',Petule,1
2016,08,06,'#3b Grilování',Vrzik,1
2016,08,06,'#3b Grilování',kocik02,1
2016,08,06,'#3b Grilování',Aja,3
2016,08,06,'#3b Grilování',Alenka,1
2016,08,06,'#3b Grilování',grifina,1
2016,08,06,'#3b Grilování',botcho,1
2016,08,06,'#3b Grilování',Babbulka,1
2016,08,06,'#3b Grilování',Ilon279,1
2016,08,06,'#3b Grilování',Zlatovlaska,1
2016,08,06,'#3b Grilování',egyptankalenka,1
2016,08,06,'#3b Grilování',Bibibaja,1
2016,08,06,'#3b Grilování',kacik,1
2016,08,06,'#3b Grilování',kralik,1
2016,08,06,'#3b Grilování',tame,1
2016,08,06,'#3b Grilování',HT,1
2016,08,06,'#3b Grilování',Honzik2,1
2016,08,06,'#3b Grilování',David,5
2016,08,06,'#3b Grilování',Placirka,1
2016,08,06,'#3b Grilování',Hanina,1
2016,08,06,'#3b Grilování',Jezek86,1
2016,08,06,'#3b Grilování',Ivet,1
2016,08,06,'#3b Grilování',Katerina Mickova,1
2016,08,06,'#3b Grilování',Libuska,1
2016,08,06,'#3b Grilování',slepjana,1
2016,08,06,'#3b Grilování',dariko,1
2016,08,06,'#3b Grilování',Urena,1
2016,08,06,'#3b Grilování',jirbar,1
2016,08,06,'#3b Grilování',Prochy,1
2016,08,06,'#3b Grilování',Eulik,1
2016,08,06,'#3b Grilování',Honza1,1
2016,08,06,'#3b Grilování',Blanka,1
2016,08,06,'#3b Grilování',Sova,1
2016,08,06,'#3b Grilování',Kocicka,1
2016,08,06,'#3b Grilování',jirac,1
2016,08,06,'#3b Grilování',barbucha,1
2016,08,07,'#4a Nedělní oběd',Lubru,1
2016,08,07,'#4a Nedělní oběd',Bibibaja,1
2016,08,07,'#4a Nedělní oběd',Kajka,1
2016,08,07,'#4a Nedělní oběd',Urena,1
2016,08,07,'#4a Nedělní oběd',ulba1,1
2016,08,07,'#4a Nedělní oběd',Alenka,1
2016,08,07,'#4a Nedělní oběd',Pepeska,1
2016,08,07,'#4a Nedělní oběd',Kubatice,1
2016,08,07,'#4a Nedělní oběd',Vrzik,1
2016,08,07,'#4a Nedělní oběd',Zlatovlaska,1
2016,08,07,'#4a Nedělní oběd',grifina,1
2016,08,07,'#4a Nedělní oběd',dariko,1
2016,08,07,'#4a Nedělní oběd',slepjana,1
2016,08,07,'#4a Nedělní oběd',Eulik,1
2016,08,07,'#4a Nedělní oběd',Blanka,1
2016,08,07,'#4a Nedělní oběd',Honza1,1
2016,08,07,'#4a Nedělní oběd',Petule,1
2016,08,07,'#4a Nedělní oběd',Enja,1
2016,08,07,'#4a Nedělní oběd',Brebli,1
2016,08,07,'#4a Nedělní oběd',Petulka888,1
2016,08,07,'#4a Nedělní oběd',Vlckova,1
2016,08,07,'#4a Nedělní oběd',Lanka,1
2016,08,07,'#4a Nedělní oběd',Jerabinka,1
2016,08,07,'#4a Nedělní oběd',Jezek86,1
2016,08,07,'#4a Nedělní oběd',Spiter,1
2016,08,07,'#4a Nedělní oběd',Krysa,1
2016,08,07,'#4a Nedělní oběd',kralik,1
2016,08,07,'#4a Nedělní oběd',czprava,1
2016,08,07,'#4a Nedělní oběd',Sova,1
2016,08,07,'#4a Nedělní oběd',Jonas,1
2016,08,07,'#4a Nedělní oběd',Renysek,1
2016,08,07,'#4a Nedělní oběd',Fidoo,1
2016,08,07,'#4a Nedělní oběd',evasmel,1
2016,08,07,'#4a Nedělní oběd',Lukas,1
2016,08,07,'#4a Nedělní oběd',Katerina Mickova,1
2016,08,07,'#4a Nedělní oběd',Ilon279,1
2016,08,07,'#4a Nedělní oběd',jirac,1
2016,08,07,'#4a Nedělní oběd',Kocicka,1
2016,08,07,'#4a Nedělní oběd',Babbulka,1
2016,08,07,'#4a Nedělní oběd',kocik02,1
2016,08,07,'#4a Nedělní oběd',Prochy,1
2016,08,07,'#4a Nedělní oběd',Jenicek,1
2016,08,07,'#4a Nedělní oběd',bzumbzum1,1
2016,08,07,'#4a Nedělní oběd',tame,1
2016,08,07,'#4a Nedělní oběd',egyptankalenka,1
2016,08,07,'#4a Nedělní oběd',Aneta,1
2016,08,07,'#4a Nedělní oběd',botcho,1
2016,08,07,'#4a Nedělní oběd',HT,1
2016,08,07,'#4a Nedělní oběd',Klara,1
2016,08,07,'#4a Nedělní oběd',Natalie,1
2016,08,07,'#4a Nedělní oběd',barbucha,1
2016,08,07,'#4a Nedělní oběd',kacik,1
2016,08,07,'#4a Nedělní oběd',David,2
2016,08,07,'#4a Nedělní oběd',Hanina,1
2016,08,07,'#4a Nedělní oběd',Ivet,1
2016,08,07,'#4a Nedělní oběd',Honzik2,1
2016,08,07,'#4a Nedělní oběd',Placirka,1
2016,08,07,'#4a Nedělní oběd',Libuska,1
2016,08,07,'#4a Nedělní oběd',Martina,1
2016,08,07,'#4a Nedělní oběd',Bruss,1
2016,08,07,'#4a Nedělní oběd',Kurt,1
2016,08,07,'#4b Návštěvy',Kajka,1
2016,08,07,'#4b Návštěvy',dariko,1
2016,08,07,'#4b Návštěvy',Pepeska,1
2016,08,07,'#4b Návštěvy',slepjana,1
2016,08,07,'#4b Návštěvy',Eulik,1
2016,08,07,'#4b Návštěvy',Blanka,1
2016,08,07,'#4b Návštěvy',Honza1,1
2016,08,07,'#4b Návštěvy',Petule,1
2016,08,07,'#4b Návštěvy',Enja,1
2016,08,07,'#4b Návštěvy',Brebli,1
2016,08,07,'#4b Návštěvy',Kubatice,1
2016,08,07,'#4b Návštěvy',Vlckova,1
2016,08,07,'#4b Návštěvy',Lanka,1
2016,08,07,'#4b Návštěvy',Jerabinka,1
2016,08,07,'#4b Návštěvy',Jezek86,1
2016,08,07,'#4b Návštěvy',Spiter,1
2016,08,07,'#4b Návštěvy',Krysa,1
2016,08,07,'#4b Návštěvy',ulba1,1
2016,08,07,'#4b Návštěvy',kralik,1
2016,08,07,'#4b Návštěvy',Zlatovlaska,1
2016,08,07,'#4b Návštěvy',Petulka,1
2016,08,07,'#4b Návštěvy',Sova,1
2016,08,07,'#4b Návštěvy',Kocicka,1
2016,08,07,'#4b Návštěvy',czprava,1
2016,08,07,'#4b Návštěvy',Renysek,1
2016,08,07,'#4b Návštěvy',evasmel,1
2016,08,07,'#4b Návštěvy',Lubru,1
2016,08,07,'#4b Návštěvy',jirac,1
2016,08,07,'#4b Návštěvy',Lukas,1
2016,08,07,'#4b Návštěvy',Katerina Mickova,1
2016,08,07,'#4b Návštěvy',janaborny,1
2016,08,07,'#4b Návštěvy',grifina,2
2016,08,07,'#4b Návštěvy',Babbulka,1
2016,08,07,'#4b Návštěvy',kocik02,1
2016,08,07,'#4b Návštěvy',Prochy,1
2016,08,07,'#4b Návštěvy',egyptankalenka,1
2016,08,07,'#4b Návštěvy',Ilon279,1
2016,08,07,'#4b Návštěvy',Jenicek,1
2016,08,07,'#4b Návštěvy',jirbar,1
2016,08,07,'#4b Návštěvy',tame,1
2016,08,07,'#4b Návštěvy',Martina,2
2016,08,07,'#4b Návštěvy',Aneta,1
2016,08,07,'#4b Návštěvy',botcho,1
2016,08,07,'#4b Návštěvy',HT,1
2016,08,07,'#4b Návštěvy',Aja,1
2016,08,07,'#4b Návštěvy',Fidoo,1
2016,08,07,'#4b Návštěvy',Klara,1
2016,08,07,'#4b Návštěvy',Natalie,1
2016,08,07,'#4b Návštěvy',kacik,1
2016,08,07,'#4b Návštěvy',barbucha,1
2016,08,07,'#4b Návštěvy',David,2
2016,08,07,'#4b Návštěvy',Jonas,1
2016,08,07,'#4b Návštěvy',Hanina,1
2016,08,07,'#4b Návštěvy',Ivet,1
2016,08,07,'#4b Návštěvy',Placirka,1
2016,08,07,'#4b Návštěvy',Honzik2,1
2016,08,07,'#4b Návštěvy',Libuska,1
2016,08,07,'#4b Návštěvy',Petulka888,1
2016,08,07,'#4b Návštěvy',Bruss,1
2016,08,07,'#4b Návštěvy',Alenka,1
2016,08,07,'#4b Návštěvy',bzumbzum1,1
2016,08,07,'#4b Návštěvy',Kurt,1
2016,08,07,'#4b Návštěvy',Bibibaja,1
2016,08,08,'#5a Oblíbená dovážková jídla',Bibibaja,2
2016,08,08,'#5a Oblíbená dovážková jídla',Lukas,1
2016,08,08,'#5a Oblíbená dovážková jídla',Katerina Mickova,2
2016,08,08,'#5a Oblíbená dovážková jídla',Vrzik,1
2016,08,08,'#5a Oblíbená dovážková jídla',Kubatice,5
2016,08,08,'#5a Oblíbená dovážková jídla',Honza1,1
2016,08,08,'#5a Oblíbená dovážková jídla',Fidoo,1
2016,08,08,'#5a Oblíbená dovážková jídla',Petulka888,1
2016,08,08,'#5a Oblíbená dovážková jídla',Bruss,1
2016,08,08,'#5a Oblíbená dovážková jídla',czprava,1
2016,08,08,'#5a Oblíbená dovážková jídla',Vlckova,2
2016,08,08,'#5a Oblíbená dovážková jídla',Lanka,1
2016,08,08,'#5a Oblíbená dovážková jídla',Jerabinka,1
2016,08,08,'#5a Oblíbená dovážková jídla',Spiter,1
2016,08,08,'#5a Oblíbená dovážková jídla',Petulka,1
2016,08,08,'#5a Oblíbená dovážková jídla',Lubru,1
2016,08,08,'#5a Oblíbená dovážková jídla',Martina,1
2016,08,08,'#5a Oblíbená dovážková jídla',Jonas,3
2016,08,08,'#5a Oblíbená dovážková jídla',Kajka,1
2016,08,08,'#5a Oblíbená dovážková jídla',botcho,1
2016,08,08,'#5a Oblíbená dovážková jídla',Alenka,3
2016,08,08,'#5a Oblíbená dovážková jídla',Pepeska,1
2016,08,08,'#5a Oblíbená dovážková jídla',Krysa,2
2016,08,08,'#5a Oblíbená dovážková jídla',slepjana,2
2016,08,08,'#5a Oblíbená dovážková jídla',David,7
2016,08,08,'#5a Oblíbená dovážková jídla',kacik,2
2016,08,08,'#5a Oblíbená dovážková jídla',bzumbzum1,1
2016,08,08,'#5a Oblíbená dovážková jídla',jirac,1
2016,08,08,'#5a Oblíbená dovážková jídla',Brebli,1
2016,08,08,'#5a Oblíbená dovážková jídla',Jezek86,1
2016,08,08,'#5a Oblíbená dovážková jídla',tame,1
2016,08,08,'#5a Oblíbená dovážková jídla',Eulik,3
2016,08,08,'#5a Oblíbená dovážková jídla',Blanka,2
2016,08,08,'#5a Oblíbená dovážková jídla',Babbulka,1
2016,08,08,'#5a Oblíbená dovážková jídla',Sova,1
2016,08,08,'#5a Oblíbená dovážková jídla',HT,3
2016,08,08,'#5a Oblíbená dovážková jídla',Kocicka,1
2016,08,08,'#5a Oblíbená dovážková jídla',Petule,1
2016,08,08,'#5a Oblíbená dovážková jídla',Enja,1
2016,08,08,'#5a Oblíbená dovážková jídla',Aneta,1
2016,08,08,'#5a Oblíbená dovážková jídla',ulba1,1
2016,08,08,'#5a Oblíbená dovážková jídla',Prochy,1
2016,08,08,'#5a Oblíbená dovážková jídla',Ilon279,1
2016,08,08,'#5a Oblíbená dovážková jídla',Klara,1
2016,08,08,'#5a Oblíbená dovážková jídla',jirbar,1
2016,08,08,'#5a Oblíbená dovážková jídla',Zlatovlaska,1
2016,08,08,'#5a Oblíbená dovážková jídla',kralik,1
2016,08,08,'#5a Oblíbená dovážková jídla',kocik02,1
2016,08,08,'#5a Oblíbená dovážková jídla',Jenicek,1
2016,08,08,'#5a Oblíbená dovážková jídla',Natalie,1
2016,08,08,'#5a Oblíbená dovážková jídla',Ivet,1
2016,08,08,'#5a Oblíbená dovážková jídla',Libuska,1
2016,08,08,'#5a Oblíbená dovážková jídla',grifina,2
2016,08,08,'#5a Oblíbená dovážková jídla',dariko,1
2016,08,08,'#5a Oblíbená dovážková jídla',barbucha,1
2016,08,08,'#5a Oblíbená dovážková jídla',Placirka,1
2016,08,08,'#5a Oblíbená dovážková jídla',evasmel,1
2016,08,08,'#5a Oblíbená dovážková jídla',egyptankalenka,2
2016,08,08,'#5a Oblíbená dovážková jídla',Honzik2,1
2016,08,08,'#5a Oblíbená dovážková jídla',Renysek,1
2016,08,08,'#5a Oblíbená dovážková jídla',Urena,1
2016,08,08,'#5a Oblíbená dovážková jídla',ELLA,1
2016,08,08,'#5a Oblíbená dovážková jídla',Aja,2
2016,08,08,'#5a Oblíbená dovážková jídla',janaborny,1
2016,08,08,'#5a Oblíbená dovážková jídla',Hanina,1
2016,08,08,'#5b Kvalita dovážených jídel',Jonas,1
2016,08,08,'#5b Kvalita dovážených jídel',kacik,1
2016,08,08,'#5b Kvalita dovážených jídel',Honza1,1
2016,08,08,'#5b Kvalita dovážených jídel',Kajka,3
2016,08,08,'#5b Kvalita dovážených jídel',bzumbzum1,1
2016,08,08,'#5b Kvalita dovážených jídel',Bibibaja,1
2016,08,08,'#5b Kvalita dovážených jídel',Kurt,1
2016,08,08,'#5b Kvalita dovážených jídel',Vlckova,1
2016,08,08,'#5b Kvalita dovážených jídel',Jerabinka,2
2016,08,08,'#5b Kvalita dovážených jídel',Spiter,1
2016,08,08,'#5b Kvalita dovážených jídel',Martina,1
2016,08,08,'#5b Kvalita dovážených jídel',David,9
2016,08,08,'#5b Kvalita dovážených jídel',Vrzik,1
2016,08,08,'#5b Kvalita dovážených jídel',Kubatice,1
2016,08,08,'#5b Kvalita dovážených jídel',Fidoo,2
2016,08,08,'#5b Kvalita dovážených jídel',jirac,1
2016,08,08,'#5b Kvalita dovážených jídel',Brebli,1
2016,08,08,'#5b Kvalita dovážených jídel',Jezek86,1
2016,08,08,'#5b Kvalita dovážených jídel',Krysa,1
2016,08,08,'#5b Kvalita dovážených jídel',Petulka,1
2016,08,08,'#5b Kvalita dovážených jídel',Eulik,1
2016,08,08,'#5b Kvalita dovážených jídel',Blanka,2
2016,08,08,'#5b Kvalita dovážených jídel',Babbulka,1
2016,08,08,'#5b Kvalita dovážených jídel',Sova,1
2016,08,08,'#5b Kvalita dovážených jídel',HT,3
2016,08,08,'#5b Kvalita dovážených jídel',Alenka,1
2016,08,08,'#5b Kvalita dovážených jídel',Katerina Mickova,1
2016,08,08,'#5b Kvalita dovážených jídel',Kocicka,1
2016,08,08,'#5b Kvalita dovážených jídel',Lubru,1
2016,08,08,'#5b Kvalita dovážených jídel',Petule,1
2016,08,08,'#5b Kvalita dovážených jídel',tame,1
2016,08,08,'#5b Kvalita dovážených jídel',Enja,1
2016,08,08,'#5b Kvalita dovážených jídel',Aneta,1
2016,08,08,'#5b Kvalita dovážených jídel',ulba1,1
2016,08,08,'#5b Kvalita dovážených jídel',Prochy,1
2016,08,08,'#5b Kvalita dovážených jídel',Klara,1
2016,08,08,'#5b Kvalita dovážených jídel',jirbar,1
2016,08,08,'#5b Kvalita dovážených jídel',Zlatovlaska,2
2016,08,08,'#5b Kvalita dovážených jídel',kocik02,1
2016,08,08,'#5b Kvalita dovážených jídel',Natalie,1
2016,08,08,'#5b Kvalita dovážených jídel',janaborny,1
2016,08,08,'#5b Kvalita dovážených jídel',Jenicek,1
2016,08,08,'#5b Kvalita dovážených jídel',kralik,1
2016,08,08,'#5b Kvalita dovážených jídel',Ivet,1
2016,08,08,'#5b Kvalita dovážených jídel',botcho,1
2016,08,08,'#5b Kvalita dovážených jídel',Lukas,1
2016,08,08,'#5b Kvalita dovážených jídel',grifina,2
2016,08,08,'#5b Kvalita dovážených jídel',slepjana,1
2016,08,08,'#5b Kvalita dovážených jídel',Libuska,1
2016,08,08,'#5b Kvalita dovážených jídel',dariko,1
2016,08,08,'#5b Kvalita dovážených jídel',evasmel,1
2016,08,08,'#5b Kvalita dovážených jídel',barbucha,1
2016,08,08,'#5b Kvalita dovážených jídel',czprava,2
2016,08,08,'#5b Kvalita dovážených jídel',egyptankalenka,4
2016,08,08,'#5b Kvalita dovážených jídel',Placirka,1
2016,08,08,'#5b Kvalita dovážených jídel',Honzik2,2
2016,08,08,'#5b Kvalita dovážených jídel',Bruss,1
2016,08,08,'#5b Kvalita dovážených jídel',Petulka888,1
2016,08,08,'#5b Kvalita dovážených jídel',ELLA,1
2016,08,08,'#5b Kvalita dovážených jídel',Ilon279,1
2016,08,08,'#5b Kvalita dovážených jídel',Aja,1
2016,08,08,'#5b Kvalita dovážených jídel',Urena,1
2016,08,08,'#5b Kvalita dovážených jídel',Hanina,1
2016,08,09,'#6a Dovoz jídla pro seniory',Renysek,2
2016,08,09,'#6a Dovoz jídla pro seniory',Kubatice,2
2016,08,09,'#6a Dovoz jídla pro seniory',Honza1,2
2016,08,09,'#6a Dovoz jídla pro seniory',Alenka,2
2016,08,09,'#6a Dovoz jídla pro seniory',grifina,2
2016,08,09,'#6a Dovoz jídla pro seniory',kralik,1
2016,08,09,'#6a Dovoz jídla pro seniory',Zlatovlaska,2
2016,08,09,'#6a Dovoz jídla pro seniory',Kajka,2
2016,08,09,'#6a Dovoz jídla pro seniory',Lubru,1
2016,08,09,'#6a Dovoz jídla pro seniory',egyptankalenka,4
2016,08,09,'#6a Dovoz jídla pro seniory',Bruss,1
2016,08,09,'#6a Dovoz jídla pro seniory',Sova,1
2016,08,09,'#6a Dovoz jídla pro seniory',kocik02,1
2016,08,09,'#6a Dovoz jídla pro seniory',Martina,1
2016,08,09,'#6a Dovoz jídla pro seniory',Bibibaja,1
2016,08,09,'#6a Dovoz jídla pro seniory',czprava,1
2016,08,09,'#6a Dovoz jídla pro seniory',Katerina Mickova,1
2016,08,09,'#6a Dovoz jídla pro seniory',Jonas,1
2016,08,09,'#6a Dovoz jídla pro seniory',Krysa,1
2016,08,09,'#6a Dovoz jídla pro seniory',Vrzik,1
2016,08,09,'#6a Dovoz jídla pro seniory',Fidoo,1
2016,08,09,'#6a Dovoz jídla pro seniory',Petulka888,1
2016,08,09,'#6a Dovoz jídla pro seniory',Lukas,1
2016,08,09,'#6a Dovoz jídla pro seniory',Vlckova,1
2016,08,09,'#6a Dovoz jídla pro seniory',Brebli,1
2016,08,09,'#6a Dovoz jídla pro seniory',Blanka,1
2016,08,09,'#6a Dovoz jídla pro seniory',Lanka,1
2016,08,09,'#6a Dovoz jídla pro seniory',Jerabinka,1
2016,08,09,'#6a Dovoz jídla pro seniory',Eulik,1
2016,08,09,'#6a Dovoz jídla pro seniory',Petulka,1
2016,08,09,'#6a Dovoz jídla pro seniory',Spiter,1
2016,08,09,'#6a Dovoz jídla pro seniory',jirac,1
2016,08,09,'#6a Dovoz jídla pro seniory',Petule,1
2016,08,09,'#6a Dovoz jídla pro seniory',Pepeska,1
2016,08,09,'#6a Dovoz jídla pro seniory',Jezek86,1
2016,08,09,'#6a Dovoz jídla pro seniory',ulba1,1
2016,08,09,'#6a Dovoz jídla pro seniory',Jenicek,1
2016,08,09,'#6a Dovoz jídla pro seniory',tame,1
2016,08,09,'#6a Dovoz jídla pro seniory',Kocicka,1
2016,08,09,'#6a Dovoz jídla pro seniory',Placirka,1
2016,08,09,'#6a Dovoz jídla pro seniory',Ilon279,1
2016,08,09,'#6a Dovoz jídla pro seniory',Aja,1
2016,08,09,'#6a Dovoz jídla pro seniory',Babbulka,1
2016,08,09,'#6a Dovoz jídla pro seniory',David,1
2016,08,09,'#6a Dovoz jídla pro seniory',Aneta,1
2016,08,09,'#6a Dovoz jídla pro seniory',dariko,1
2016,08,09,'#6a Dovoz jídla pro seniory',kacik,1
2016,08,09,'#6a Dovoz jídla pro seniory',HT,1
2016,08,09,'#6a Dovoz jídla pro seniory',Honzik2,1
2016,08,09,'#6a Dovoz jídla pro seniory',Klara,1
2016,08,09,'#6a Dovoz jídla pro seniory',slepjana,1
2016,08,09,'#6a Dovoz jídla pro seniory',botcho,1
2016,08,09,'#6a Dovoz jídla pro seniory',janaborny,1
2016,08,09,'#6a Dovoz jídla pro seniory',Prochy,1
2016,08,09,'#6a Dovoz jídla pro seniory',Natalie,1
2016,08,09,'#6a Dovoz jídla pro seniory',jirbar,1
2016,08,09,'#6a Dovoz jídla pro seniory',Ivet,1
2016,08,09,'#6a Dovoz jídla pro seniory',evasmel,1
2016,08,09,'#6a Dovoz jídla pro seniory',Hanina,1
2016,08,09,'#6a Dovoz jídla pro seniory',Libuska,1
2016,08,09,'#6a Dovoz jídla pro seniory',barbucha,1
2016,08,09,'#6b Romantická večeře',Kajka,8
2016,08,09,'#6b Romantická večeře',David,5
2016,08,09,'#6b Romantická večeře',Alenka,4
2016,08,09,'#6b Romantická večeře',Kubatice,1
2016,08,09,'#6b Romantická večeře',Zlatovlaska,1
2016,08,09,'#6b Romantická večeře',Martina,3
2016,08,09,'#6b Romantická večeře',Fidoo,1
2016,08,09,'#6b Romantická večeře',Bruss,1
2016,08,09,'#6b Romantická večeře',Petulka888,1
2016,08,09,'#6b Romantická večeře',Lukas,1
2016,08,09,'#6b Romantická večeře',Jonas,1
2016,08,09,'#6b Romantická večeře',Vlckova,1
2016,08,09,'#6b Romantická večeře',Blanka,1
2016,08,09,'#6b Romantická večeře',Honza1,1
2016,08,09,'#6b Romantická večeře',Brebli,1
2016,08,09,'#6b Romantická večeře',Lanka,1
2016,08,09,'#6b Romantická večeře',Jerabinka,1
2016,08,09,'#6b Romantická večeře',Eulik,1
2016,08,09,'#6b Romantická večeře',Spiter,1
2016,08,09,'#6b Romantická večeře',ELLA,1
2016,08,09,'#6b Romantická večeře',Petulka,1
2016,08,09,'#6b Romantická večeře',jirac,1
2016,08,09,'#6b Romantická večeře',Petule,1
2016,08,09,'#6b Romantická večeře',grifina,2
2016,08,09,'#6b Romantická večeře',Pepeska,1
2016,08,09,'#6b Romantická večeře',Jezek86,1
2016,08,09,'#6b Romantická večeře',kocik02,1
2016,08,09,'#6b Romantická večeře',Katerina Mickova,1
2016,08,09,'#6b Romantická večeře',Lubru,1
2016,08,09,'#6b Romantická večeře',ulba1,1
2016,08,09,'#6b Romantická večeře',Vrzik,1
2016,08,09,'#6b Romantická večeře',Krysa,1
2016,08,09,'#6b Romantická večeře',tame,1
2016,08,09,'#6b Romantická večeře',Jenicek,1
2016,08,09,'#6b Romantická večeře',Kocicka,1
2016,08,09,'#6b Romantická večeře',Enja,1
2016,08,09,'#6b Romantická večeře',Kurt,1
2016,08,09,'#6b Romantická večeře',czprava,1
2016,08,09,'#6b Romantická večeře',Placirka,1
2016,08,09,'#6b Romantická večeře',Ilon279,1
2016,08,09,'#6b Romantická večeře',kralik,1
2016,08,09,'#6b Romantická večeře',Aja,2
2016,08,09,'#6b Romantická večeře',Babbulka,1
2016,08,09,'#6b Romantická večeře',Sova,1
2016,08,09,'#6b Romantická večeře',Aneta,1
2016,08,09,'#6b Romantická večeře',dariko,2
2016,08,09,'#6b Romantická večeře',kacik,1
2016,08,09,'#6b Romantická večeře',janaborny,1
2016,08,09,'#6b Romantická večeře',slepjana,1
2016,08,09,'#6b Romantická večeře',HT,1
2016,08,09,'#6b Romantická večeře',Honzik2,1
2016,08,09,'#6b Romantická večeře',Klara,1
2016,08,09,'#6b Romantická večeře',botcho,1
2016,08,09,'#6b Romantická večeře',Prochy,1
2016,08,09,'#6b Romantická večeře',Natalie,1
2016,08,09,'#6b Romantická večeře',jirbar,1
2016,08,09,'#6b Romantická večeře',Ivet,1
2016,08,09,'#6b Romantická večeře',evasmel,1
2016,08,09,'#6b Romantická večeře',egyptankalenka,2
2016,08,09,'#6b Romantická večeře',Hanina,1
2016,08,09,'#6b Romantická večeře',Libuska,1
2016,08,09,'#6b Romantická večeře',barbucha,1
2016,08,09,'#6b Romantická večeře',Bibibaja,1
2016,08,10,'#7a Připravené suroviny i s receptem',Lukas,1
2016,08,10,'#7a Připravené suroviny i s receptem',Kajka,1
2016,08,10,'#7a Připravené suroviny i s receptem',Kubatice,1
2016,08,10,'#7a Připravené suroviny i s receptem',Honza1,2
2016,08,10,'#7a Připravené suroviny i s receptem',Petulka888,3
2016,08,10,'#7a Připravené suroviny i s receptem',Vrzik,5
2016,08,10,'#7a Připravené suroviny i s receptem',Bruss,1
2016,08,10,'#7a Připravené suroviny i s receptem',kocik02,1
2016,08,10,'#7a Připravené suroviny i s receptem',Libuska,4
2016,08,10,'#7a Připravené suroviny i s receptem',Lubru,5
2016,08,10,'#7a Připravené suroviny i s receptem',Vlckova,1
2016,08,10,'#7a Připravené suroviny i s receptem',Lanka,1
2016,08,10,'#7a Připravené suroviny i s receptem',Jerabinka,1
2016,08,10,'#7a Připravené suroviny i s receptem',Spiter,1
2016,08,10,'#7a Připravené suroviny i s receptem',Eulik,1
2016,08,10,'#7a Připravené suroviny i s receptem',Martina,5
2016,08,10,'#7a Připravené suroviny i s receptem',Petulka,1
2016,08,10,'#7a Připravené suroviny i s receptem',Bibibaja,1
2016,08,10,'#7a Připravené suroviny i s receptem',David,8
2016,08,10,'#7a Připravené suroviny i s receptem',dariko,1
2016,08,10,'#7a Připravené suroviny i s receptem',czprava,1
2016,08,10,'#7a Připravené suroviny i s receptem',Krysa,1
2016,08,10,'#7a Připravené suroviny i s receptem',Jonas,1
2016,08,10,'#7a Připravené suroviny i s receptem',Zlatovlaska,1
2016,08,10,'#7a Připravené suroviny i s receptem',Blanka,1
2016,08,10,'#7a Připravené suroviny i s receptem',Fidoo,1
2016,08,10,'Stravovací deníček',dariko,40
2016,08,10,'Stravovací deníček',Kajka,50
2016,08,10,'Stravovací deníček',czprava,18
2016,08,10,'Stravovací deníček',Lukas,4
2016,08,10,'Stravovací deníček',egyptankalenka,21
2016,08,10,'Stravovací deníček',Martina,39
2016,08,10,'Stravovací deníček',bzumbzum1,7
2016,08,10,'Stravovací deníček',ulba1,4
2016,08,10,'Stravovací deníček',Vrzik,19
2016,08,10,'Stravovací deníček',kacik,9
2016,08,10,'Stravovací deníček',Bruss,2
2016,08,10,'Stravovací deníček',Aneta,3
2016,08,10,'Stravovací deníček',Urena,2
2016,08,10,'Stravovací deníček',barbucha,1
2016,08,10,'Stravovací deníček',Klara,2
2016,08,10,'Stravovací deníček',Honza1,1
2016,08,10,'Stravovací deníček',Jonas,26
2016,08,10,'Stravovací deníček',grifina,24
2016,08,10,'Stravovací deníček',jirac,8
2016,08,10,'Stravovací deníček',Honzik2,7
2016,08,10,'Stravovací deníček',Renysek,5
2016,08,10,'Stravovací deníček',Ilon279,6
2016,08,10,'Stravovací deníček',Zlatovlaska,8
2016,08,10,'Stravovací deníček',Lubru,5
2016,08,10,'Stravovací deníček',kralik,4
2016,08,10,'Stravovací deníček',Petule,24
2016,08,10,'Stravovací deníček',Fidoo,25
2016,08,10,'Stravovací deníček',Brebli,2
2016,08,10,'Stravovací deníček',janaborny,14
2016,08,10,'Stravovací deníček',Pepeska,6
2016,08,10,'Stravovací deníček',kocik02,1
2016,08,10,'Stravovací deníček',Jerabinka,7
2016,08,10,'Stravovací deníček',Prochy,5
2016,08,10,'Stravovací deníček',Vlckova,8
2016,08,10,'Stravovací deníček',Aja,21
2016,08,10,'Stravovací deníček',Lanka,7
2016,08,10,'Stravovací deníček',Sova,15
2016,08,10,'Stravovací deníček',Ivet,5
2016,08,10,'Stravovací deníček',Bibibaja,2
2016,08,10,'Stravovací deníček',slepjana,5
2016,08,10,'Stravovací deníček',sonia.v,1
2016,08,10,'Stravovací deníček',Petulka,18
2016,08,10,'Stravovací deníček',Krysa,8
2016,08,10,'Stravovací deníček',David,30
2016,08,10,'Stravovací deníček',HT,1
2016,08,10,'Stravovací deníček',jirbar,4
2016,08,10,'Stravovací deníček',ELLA,3
2016,08,10,'Stravovací deníček',Libuska,21
2016,08,10,'Stravovací deníček',Spiter,5
2016,08,10,'Stravovací deníček',Enja,3
2016,08,10,'Stravovací deníček',Kurt,15
2016,08,10,'Stravovací deníček',Hanina,3
